district,model,month,predicted_mal_cases
Abim,Dense,May_2025,5259.2626953125
Abim,Dense,June_2025,4791.982421875
Abim,Dense,July_2025,4210.11865234375
Abim,LSTM,May_2025,5422.97265625
Abim,LSTM,June_2025,5053.5869140625
Abim,LSTM,July_2025,5015.16455078125
Abim,GRU,May_2025,5029.68115234375
Abim,GRU,June_2025,4161.72412109375
Abim,GRU,July_2025,4774.3388671875
Abim,Transformer,May_2025,5387.8759765625
Abim,Transformer,June_2025,5464.45556640625
Abim,Transformer,July_2025,5531.0751953125
Abim,XGBoost,May_2025,6293.69482421875
Abim,XGBoost,June_2025,6281.07861328125
Abim,XGBoost,July_2025,6207.01708984375
Adjumani,Dense,May_2025,25626.396484375
Adjumani,Dense,June_2025,22473.974609375
Adjumani,Dense,July_2025,18377.681640625
Adjumani,LSTM,May_2025,24117.38671875
Adjumani,LSTM,June_2025,23098.88671875
Adjumani,LSTM,July_2025,23158.48046875
Adjumani,GRU,May_2025,25626.982421875
Adjumani,GRU,June_2025,19787.83984375
Adjumani,GRU,July_2025,22120.421875
Adjumani,Transformer,May_2025,30675.2578125
Adjumani,Transformer,June_2025,31383.75390625
Adjumani,Transformer,July_2025,29433.2109375
Adjumani,XGBoost,May_2025,25988.787109375
Adjumani,XGBoost,June_2025,25841.87109375
Adjumani,XGBoost,July_2025,25606.853515625
Agago,Dense,May_2025,12182.1767578125
Agago,Dense,June_2025,11429.197265625
Agago,Dense,July_2025,8936.935546875
Agago,LSTM,May_2025,13737.78125
Agago,LSTM,June_2025,11090.55078125
Agago,LSTM,July_2025,10990.798828125
Agago,GRU,May_2025,12669.306640625
Agago,GRU,June_2025,8784.130859375
Agago,GRU,July_2025,8876.341796875
Agago,Transformer,May_2025,15377.0283203125
Agago,Transformer,June_2025,14931.599609375
Agago,Transformer,July_2025,16456.24609375
Agago,XGBoost,May_2025,17759.923828125
Agago,XGBoost,June_2025,17627.26953125
Agago,XGBoost,July_2025,17415.068359375
Alebtong,Dense,May_2025,6176.64892578125
Alebtong,Dense,June_2025,5164.8603515625
Alebtong,Dense,July_2025,3809.265869140625
Alebtong,LSTM,May_2025,5045.81494140625
Alebtong,LSTM,June_2025,4950.33056640625
Alebtong,LSTM,July_2025,5775.8564453125
Alebtong,GRU,May_2025,5707.08203125
Alebtong,GRU,June_2025,3643.0380859375
Alebtong,GRU,July_2025,5125.2705078125
Alebtong,Transformer,May_2025,5630.94677734375
Alebtong,Transformer,June_2025,6832.70947265625
Alebtong,Transformer,July_2025,6030.3583984375
Alebtong,XGBoost,May_2025,7344.11279296875
Alebtong,XGBoost,June_2025,7273.173828125
Alebtong,XGBoost,July_2025,7194.39599609375
Amolatar,Dense,May_2025,5888.5185546875
Amolatar,Dense,June_2025,6190.60546875
Amolatar,Dense,July_2025,4411.0888671875
Amolatar,LSTM,May_2025,6718.5625
Amolatar,LSTM,June_2025,5669.88037109375
Amolatar,LSTM,July_2025,5938.61279296875
Amolatar,GRU,May_2025,6062.54052734375
Amolatar,GRU,June_2025,5167.9267578125
Amolatar,GRU,July_2025,5326.4755859375
Amolatar,Transformer,May_2025,7379.86865234375
Amolatar,Transformer,June_2025,7375.94482421875
Amolatar,Transformer,July_2025,6694.083984375
Amolatar,XGBoost,May_2025,6195.15771484375
Amolatar,XGBoost,June_2025,6105.8330078125
Amolatar,XGBoost,July_2025,6046.40625
Amudat,Dense,May_2025,813.4244995117188
Amudat,Dense,June_2025,807.7025756835938
Amudat,Dense,July_2025,736.7061767578125
Amudat,LSTM,May_2025,898.9796752929688
Amudat,LSTM,June_2025,855.1923828125
Amudat,LSTM,July_2025,844.01611328125
Amudat,GRU,May_2025,1105.15625
Amudat,GRU,June_2025,800.2327880859375
Amudat,GRU,July_2025,752.0953369140625
Amudat,Transformer,May_2025,1307.2161865234375
Amudat,Transformer,June_2025,1412.600341796875
Amudat,Transformer,July_2025,1334.640869140625
Amudat,XGBoost,May_2025,1528.408203125
Amudat,XGBoost,June_2025,1523.837890625
Amudat,XGBoost,July_2025,1497.0091552734375
Amuria,Dense,May_2025,7229.5283203125
Amuria,Dense,June_2025,6822.3828125
Amuria,Dense,July_2025,5703.04052734375
Amuria,LSTM,May_2025,7254.533203125
Amuria,LSTM,June_2025,7448.03369140625
Amuria,LSTM,July_2025,6923.19873046875
Amuria,GRU,May_2025,7337.1318359375
Amuria,GRU,June_2025,6603.9013671875
Amuria,GRU,July_2025,5830.3974609375
Amuria,Transformer,May_2025,8314.43359375
Amuria,Transformer,June_2025,8646.5146484375
Amuria,Transformer,July_2025,8469.5146484375
Amuria,XGBoost,May_2025,8897.486328125
Amuria,XGBoost,June_2025,8853.38671875
Amuria,XGBoost,July_2025,8804.4150390625
Amuru,Dense,May_2025,9670.7548828125
Amuru,Dense,June_2025,7680.673828125
Amuru,Dense,July_2025,7394.1279296875
Amuru,LSTM,May_2025,9332.1748046875
Amuru,LSTM,June_2025,8502.8896484375
Amuru,LSTM,July_2025,8765.55859375
Amuru,GRU,May_2025,7993.27490234375
Amuru,GRU,June_2025,7239.0859375
Amuru,GRU,July_2025,8364.89453125
Amuru,Transformer,May_2025,12260.009765625
Amuru,Transformer,June_2025,11761.55078125
Amuru,Transformer,July_2025,10940.3193359375
Amuru,XGBoost,May_2025,9670.044921875
Amuru,XGBoost,June_2025,9608.404296875
Amuru,XGBoost,July_2025,9509.8017578125
Apac,Dense,May_2025,6341.39599609375
Apac,Dense,June_2025,6481.1845703125
Apac,Dense,July_2025,5825.40283203125
Apac,LSTM,May_2025,7225.7822265625
Apac,LSTM,June_2025,6566.8935546875
Apac,LSTM,July_2025,6305.8154296875
Apac,GRU,May_2025,6216.37939453125
Apac,GRU,June_2025,4641.734375
Apac,GRU,July_2025,5195.4619140625
Apac,Transformer,May_2025,6377.7353515625
Apac,Transformer,June_2025,6691.3505859375
Apac,Transformer,July_2025,7222.31787109375
Apac,XGBoost,May_2025,8176.2001953125
Apac,XGBoost,June_2025,8123.9248046875
Apac,XGBoost,July_2025,8214.35546875
Arua,Dense,May_2025,8300.8203125
Arua,Dense,June_2025,7051.48046875
Arua,Dense,July_2025,6854.9423828125
Arua,LSTM,May_2025,8327.09375
Arua,LSTM,June_2025,7612.00244140625
Arua,LSTM,July_2025,7818.048828125
Arua,GRU,May_2025,7556.33203125
Arua,GRU,June_2025,6780.26123046875
Arua,GRU,July_2025,7487.55859375
Arua,Transformer,May_2025,8551.5341796875
Arua,Transformer,June_2025,8324.142578125
Arua,Transformer,July_2025,8501.6787109375
Arua,XGBoost,May_2025,9085.677734375
Arua,XGBoost,June_2025,9048.9775390625
Arua,XGBoost,July_2025,8990.271484375
Budaka,Dense,May_2025,2844.90869140625
Budaka,Dense,June_2025,3658.33984375
Budaka,Dense,July_2025,1062.560546875
Budaka,LSTM,May_2025,3743.44189453125
Budaka,LSTM,June_2025,3750.03369140625
Budaka,LSTM,July_2025,4280.841796875
Budaka,GRU,May_2025,5317.68359375
Budaka,GRU,June_2025,1860.21337890625
Budaka,GRU,July_2025,1832.45361328125
Budaka,Transformer,May_2025,5150.3759765625
Budaka,Transformer,June_2025,5606.13818359375
Budaka,Transformer,July_2025,6896.57421875
Budaka,XGBoost,May_2025,7785.24755859375
Budaka,XGBoost,June_2025,7749.25048828125
Budaka,XGBoost,July_2025,7584.47021484375
Bududa,Dense,May_2025,2547.791748046875
Bududa,Dense,June_2025,2547.669677734375
Bududa,Dense,July_2025,2146.0
Bududa,LSTM,May_2025,2854.0869140625
Bududa,LSTM,June_2025,2732.8115234375
Bududa,LSTM,July_2025,2568.490966796875
Bududa,GRU,May_2025,2738.977783203125
Bududa,GRU,June_2025,2594.96435546875
Bududa,GRU,July_2025,3030.26513671875
Bududa,Transformer,May_2025,2542.875732421875
Bududa,Transformer,June_2025,2480.5986328125
Bududa,Transformer,July_2025,1930.467529296875
Bududa,XGBoost,May_2025,1883.6790771484375
Bududa,XGBoost,June_2025,1812.9884033203125
Bududa,XGBoost,July_2025,1741.686767578125
Bugiri,Dense,May_2025,6543.40234375
Bugiri,Dense,June_2025,8889.7919921875
Bugiri,Dense,July_2025,6208.77001953125
Bugiri,LSTM,May_2025,8030.1416015625
Bugiri,LSTM,June_2025,7001.048828125
Bugiri,LSTM,July_2025,7148.2529296875
Bugiri,GRU,May_2025,8440.06640625
Bugiri,GRU,June_2025,6086.955078125
Bugiri,GRU,July_2025,6947.25146484375
Bugiri,Transformer,May_2025,6888.7705078125
Bugiri,Transformer,June_2025,8681.4365234375
Bugiri,Transformer,July_2025,9173.7314453125
Bugiri,XGBoost,May_2025,9873.9501953125
Bugiri,XGBoost,June_2025,10069.5595703125
Bugiri,XGBoost,July_2025,9796.8955078125
Bugweri,Dense,May_2025,3725.427490234375
Bugweri,Dense,June_2025,6002.630859375
Bugweri,Dense,July_2025,3496.097412109375
Bugweri,LSTM,May_2025,5956.7001953125
Bugweri,LSTM,June_2025,5334.55419921875
Bugweri,LSTM,July_2025,5834.1611328125
Bugweri,GRU,May_2025,5025.97509765625
Bugweri,GRU,June_2025,2659.88330078125
Bugweri,GRU,July_2025,5045.91748046875
Bugweri,Transformer,May_2025,4954.1943359375
Bugweri,Transformer,June_2025,5107.0
Bugweri,Transformer,July_2025,5033.640625
Bugweri,XGBoost,May_2025,7424.958984375
Bugweri,XGBoost,June_2025,7588.94970703125
Bugweri,XGBoost,July_2025,7279.43798828125
Buhweju,Dense,May_2025,249.38540649414062
Buhweju,Dense,June_2025,196.55880737304688
Buhweju,Dense,July_2025,116.72987365722656
Buhweju,LSTM,May_2025,221.29180908203125
Buhweju,LSTM,June_2025,206.4014892578125
Buhweju,LSTM,July_2025,225.93212890625
Buhweju,GRU,May_2025,175.8778839111328
Buhweju,GRU,June_2025,156.0027618408203
Buhweju,GRU,July_2025,165.24781799316406
Buhweju,Transformer,May_2025,288.3724060058594
Buhweju,Transformer,June_2025,300.4074401855469
Buhweju,Transformer,July_2025,248.71990966796875
Buhweju,XGBoost,May_2025,315.1407470703125
Buhweju,XGBoost,June_2025,313.37078857421875
Buhweju,XGBoost,July_2025,309.8700866699219
Buikwe,Dense,May_2025,9036.3779296875
Buikwe,Dense,June_2025,9330.154296875
Buikwe,Dense,July_2025,8847.2470703125
Buikwe,LSTM,May_2025,9399.46484375
Buikwe,LSTM,June_2025,9103.875
Buikwe,LSTM,July_2025,9511.1259765625
Buikwe,GRU,May_2025,9420.2470703125
Buikwe,GRU,June_2025,8764.4892578125
Buikwe,GRU,July_2025,8808.16015625
Buikwe,Transformer,May_2025,9156.8759765625
Buikwe,Transformer,June_2025,9394.4189453125
Buikwe,Transformer,July_2025,9167.2021484375
Buikwe,XGBoost,May_2025,10041.1376953125
Buikwe,XGBoost,June_2025,10080.556640625
Buikwe,XGBoost,July_2025,10045.337890625
Bukedea,Dense,May_2025,5187.9892578125
Bukedea,Dense,June_2025,5386.65625
Bukedea,Dense,July_2025,4623.5205078125
Bukedea,LSTM,May_2025,5399.94921875
Bukedea,LSTM,June_2025,5592.36474609375
Bukedea,LSTM,July_2025,5186.4228515625
Bukedea,GRU,May_2025,5682.728515625
Bukedea,GRU,June_2025,4797.744140625
Bukedea,GRU,July_2025,4908.1953125
Bukedea,Transformer,May_2025,5498.5732421875
Bukedea,Transformer,June_2025,5921.990234375
Bukedea,Transformer,July_2025,5793.85009765625
Bukedea,XGBoost,May_2025,6692.296875
Bukedea,XGBoost,June_2025,6655.17724609375
Bukedea,XGBoost,July_2025,6613.9560546875
Bukomansimbi,Dense,May_2025,2280.711181640625
Bukomansimbi,Dense,June_2025,1865.277099609375
Bukomansimbi,Dense,July_2025,1804.941650390625
Bukomansimbi,LSTM,May_2025,2060.089111328125
Bukomansimbi,LSTM,June_2025,1958.093994140625
Bukomansimbi,LSTM,July_2025,1896.10791015625
Bukomansimbi,GRU,May_2025,1979.332275390625
Bukomansimbi,GRU,June_2025,1596.070068359375
Bukomansimbi,GRU,July_2025,1526.583740234375
Bukomansimbi,Transformer,May_2025,2001.439697265625
Bukomansimbi,Transformer,June_2025,2466.000732421875
Bukomansimbi,Transformer,July_2025,1980.75048828125
Bukomansimbi,XGBoost,May_2025,2572.04638671875
Bukomansimbi,XGBoost,June_2025,2562.956298828125
Bukomansimbi,XGBoost,July_2025,2532.48876953125
Bukwo,Dense,May_2025,893.7603759765625
Bukwo,Dense,June_2025,947.294189453125
Bukwo,Dense,July_2025,573.021728515625
Bukwo,LSTM,May_2025,1039.510986328125
Bukwo,LSTM,June_2025,900.7034912109375
Bukwo,LSTM,July_2025,868.0481567382812
Bukwo,GRU,May_2025,1071.9937744140625
Bukwo,GRU,June_2025,822.8895263671875
Bukwo,GRU,July_2025,961.5077514648438
Bukwo,Transformer,May_2025,1250.5721435546875
Bukwo,Transformer,June_2025,1303.838134765625
Bukwo,Transformer,July_2025,1163.496826171875
Bukwo,XGBoost,May_2025,902.9276123046875
Bukwo,XGBoost,June_2025,826.2657470703125
Bukwo,XGBoost,July_2025,811.4061279296875
Bulambuli,Dense,May_2025,2170.18359375
Bulambuli,Dense,June_2025,2270.5615234375
Bulambuli,Dense,July_2025,1777.4971923828125
Bulambuli,LSTM,May_2025,2206.36962890625
Bulambuli,LSTM,June_2025,2267.06689453125
Bulambuli,LSTM,July_2025,2223.713134765625
Bulambuli,GRU,May_2025,2347.443359375
Bulambuli,GRU,June_2025,1861.289794921875
Bulambuli,GRU,July_2025,1948.36962890625
Bulambuli,Transformer,May_2025,2465.1279296875
Bulambuli,Transformer,June_2025,2527.367919921875
Bulambuli,Transformer,July_2025,2503.556640625
Bulambuli,XGBoost,May_2025,2666.0693359375
Bulambuli,XGBoost,June_2025,2660.56005859375
Bulambuli,XGBoost,July_2025,2635.3408203125
Buliisa,Dense,May_2025,5762.4755859375
Buliisa,Dense,June_2025,4904.59130859375
Buliisa,Dense,July_2025,4236.36328125
Buliisa,LSTM,May_2025,5137.4404296875
Buliisa,LSTM,June_2025,5122.35986328125
Buliisa,LSTM,July_2025,4691.521484375
Buliisa,GRU,May_2025,4948.25146484375
Buliisa,GRU,June_2025,4652.34130859375
Buliisa,GRU,July_2025,3690.0498046875
Buliisa,Transformer,May_2025,4299.11279296875
Buliisa,Transformer,June_2025,5189.1513671875
Buliisa,Transformer,July_2025,5176.654296875
Buliisa,XGBoost,May_2025,5442.546875
Buliisa,XGBoost,June_2025,5390.17333984375
Buliisa,XGBoost,July_2025,5339.98193359375
Bundibugyo,Dense,May_2025,6316.060546875
Bundibugyo,Dense,June_2025,3918.50439453125
Bundibugyo,Dense,July_2025,2934.0458984375
Bundibugyo,LSTM,May_2025,6469.9560546875
Bundibugyo,LSTM,June_2025,5486.1142578125
Bundibugyo,LSTM,July_2025,6042.36865234375
Bundibugyo,GRU,May_2025,6175.1787109375
Bundibugyo,GRU,June_2025,4514.6279296875
Bundibugyo,GRU,July_2025,4443.97216796875
Bundibugyo,Transformer,May_2025,7336.05078125
Bundibugyo,Transformer,June_2025,8165.390625
Bundibugyo,Transformer,July_2025,7528.291015625
Bundibugyo,XGBoost,May_2025,8921.939453125
Bundibugyo,XGBoost,June_2025,8864.740234375
Bundibugyo,XGBoost,July_2025,8773.2412109375
Bunyangabu,Dense,May_2025,1155.2984619140625
Bunyangabu,Dense,June_2025,947.2509155273438
Bunyangabu,Dense,July_2025,579.8680419921875
Bunyangabu,LSTM,May_2025,1288.37744140625
Bunyangabu,LSTM,June_2025,1131.75830078125
Bunyangabu,LSTM,July_2025,1255.005126953125
Bunyangabu,GRU,May_2025,999.897705078125
Bunyangabu,GRU,June_2025,678.7344970703125
Bunyangabu,GRU,July_2025,784.8966064453125
Bunyangabu,Transformer,May_2025,1367.130615234375
Bunyangabu,Transformer,June_2025,1629.0225830078125
Bunyangabu,Transformer,July_2025,1466.9835205078125
Bunyangabu,XGBoost,May_2025,1746.45166015625
Bunyangabu,XGBoost,June_2025,1731.628173828125
Bunyangabu,XGBoost,July_2025,1715.1668701171875
Busia,Dense,May_2025,10785.6728515625
Busia,Dense,June_2025,11970.150390625
Busia,Dense,July_2025,10011.56640625
Busia,LSTM,May_2025,12786.62109375
Busia,LSTM,June_2025,12606.6396484375
Busia,LSTM,July_2025,12342.6845703125
Busia,GRU,May_2025,13217.533203125
Busia,GRU,June_2025,10843.26171875
Busia,GRU,July_2025,10902.5
Busia,Transformer,May_2025,13910.3701171875
Busia,Transformer,June_2025,15018.8115234375
Busia,Transformer,July_2025,14783.72265625
Busia,XGBoost,May_2025,15459.443359375
Busia,XGBoost,June_2025,15546.9404296875
Busia,XGBoost,July_2025,15499.578125
Butaleja,Dense,May_2025,3898.91015625
Butaleja,Dense,June_2025,4852.96484375
Butaleja,Dense,July_2025,2846.05224609375
Butaleja,LSTM,May_2025,6396.62255859375
Butaleja,LSTM,June_2025,4761.37451171875
Butaleja,LSTM,July_2025,5636.46142578125
Butaleja,GRU,May_2025,6366.83154296875
Butaleja,GRU,June_2025,3083.576171875
Butaleja,GRU,July_2025,5126.9248046875
Butaleja,Transformer,May_2025,7612.33251953125
Butaleja,Transformer,June_2025,8924.7685546875
Butaleja,Transformer,July_2025,5968.810546875
Butaleja,XGBoost,May_2025,9582.6181640625
Butaleja,XGBoost,June_2025,9540.181640625
Butaleja,XGBoost,July_2025,9345.9287109375
Butambala,Dense,May_2025,3473.09619140625
Butambala,Dense,June_2025,3259.07373046875
Butambala,Dense,July_2025,3452.100341796875
Butambala,LSTM,May_2025,3206.763916015625
Butambala,LSTM,June_2025,3185.407958984375
Butambala,LSTM,July_2025,3210.6220703125
Butambala,GRU,May_2025,3025.35791015625
Butambala,GRU,June_2025,2341.281494140625
Butambala,GRU,July_2025,2499.622802734375
Butambala,Transformer,May_2025,4330.025390625
Butambala,Transformer,June_2025,4265.921875
Butambala,Transformer,July_2025,3637.66259765625
Butambala,XGBoost,May_2025,3196.760498046875
Butambala,XGBoost,June_2025,3234.014404296875
Butambala,XGBoost,July_2025,3232.665771484375
Butebo,Dense,May_2025,3488.7177734375
Butebo,Dense,June_2025,3909.1318359375
Butebo,Dense,July_2025,3000.57470703125
Butebo,LSTM,May_2025,3714.400146484375
Butebo,LSTM,June_2025,3384.314697265625
Butebo,LSTM,July_2025,3439.859375
Butebo,GRU,May_2025,4024.650146484375
Butebo,GRU,June_2025,3355.884765625
Butebo,GRU,July_2025,3533.376220703125
Butebo,Transformer,May_2025,3999.3740234375
Butebo,Transformer,June_2025,3815.6845703125
Butebo,Transformer,July_2025,4275.0234375
Butebo,XGBoost,May_2025,4636.85107421875
Butebo,XGBoost,June_2025,4624.9892578125
Butebo,XGBoost,July_2025,4555.3564453125
Buvuma,Dense,May_2025,1756.252685546875
Buvuma,Dense,June_2025,1976.6234130859375
Buvuma,Dense,July_2025,1437.8070068359375
Buvuma,LSTM,May_2025,1771.99609375
Buvuma,LSTM,June_2025,1757.4036865234375
Buvuma,LSTM,July_2025,1872.9296875
Buvuma,GRU,May_2025,1729.118896484375
Buvuma,GRU,June_2025,1486.6539306640625
Buvuma,GRU,July_2025,1643.9503173828125
Buvuma,Transformer,May_2025,1801.0438232421875
Buvuma,Transformer,June_2025,1982.366455078125
Buvuma,Transformer,July_2025,1751.1385498046875
Buvuma,XGBoost,May_2025,2026.825439453125
Buvuma,XGBoost,June_2025,2040.971923828125
Buvuma,XGBoost,July_2025,2036.122314453125
Buyende,Dense,May_2025,6592.33349609375
Buyende,Dense,June_2025,6872.8876953125
Buyende,Dense,July_2025,4998.318359375
Buyende,LSTM,May_2025,6690.5927734375
Buyende,LSTM,June_2025,6776.6640625
Buyende,LSTM,July_2025,6501.771484375
Buyende,GRU,May_2025,6866.96630859375
Buyende,GRU,June_2025,6222.6748046875
Buyende,GRU,July_2025,6269.9384765625
Buyende,Transformer,May_2025,6220.119140625
Buyende,Transformer,June_2025,6425.70703125
Buyende,Transformer,July_2025,6307.2333984375
Buyende,XGBoost,May_2025,7532.98388671875
Buyende,XGBoost,June_2025,7490.1357421875
Buyende,XGBoost,July_2025,7421.59326171875
Dokolo,Dense,May_2025,5993.66650390625
Dokolo,Dense,June_2025,5880.8388671875
Dokolo,Dense,July_2025,3839.61474609375
Dokolo,LSTM,May_2025,7825.23291015625
Dokolo,LSTM,June_2025,6986.57421875
Dokolo,LSTM,July_2025,6974.4208984375
Dokolo,GRU,May_2025,6981.9384765625
Dokolo,GRU,June_2025,4417.71728515625
Dokolo,GRU,July_2025,4428.7919921875
Dokolo,Transformer,May_2025,7268.291015625
Dokolo,Transformer,June_2025,7898.5263671875
Dokolo,Transformer,July_2025,7327.361328125
Dokolo,XGBoost,May_2025,9614.6962890625
Dokolo,XGBoost,June_2025,9586.57421875
Dokolo,XGBoost,July_2025,9457.8447265625
Gulu,Dense,May_2025,12635.8544921875
Gulu,Dense,June_2025,8893.8369140625
Gulu,Dense,July_2025,8749.6982421875
Gulu,LSTM,May_2025,11394.2353515625
Gulu,LSTM,June_2025,11811.5224609375
Gulu,LSTM,July_2025,10521.7626953125
Gulu,GRU,May_2025,10609.30078125
Gulu,GRU,June_2025,8638.373046875
Gulu,GRU,July_2025,9614.5791015625
Gulu,Transformer,May_2025,12493.5654296875
Gulu,Transformer,June_2025,12250.052734375
Gulu,Transformer,July_2025,12617.853515625
Gulu,XGBoost,May_2025,14179.3701171875
Gulu,XGBoost,June_2025,14098.9599609375
Gulu,XGBoost,July_2025,13970.33203125
Hoima,Dense,May_2025,3857.81494140625
Hoima,Dense,June_2025,3316.469482421875
Hoima,Dense,July_2025,2552.6005859375
Hoima,LSTM,May_2025,3815.756591796875
Hoima,LSTM,June_2025,3729.330078125
Hoima,LSTM,July_2025,3424.12060546875
Hoima,GRU,May_2025,3407.56591796875
Hoima,GRU,June_2025,2747.706298828125
Hoima,GRU,July_2025,2714.2021484375
Hoima,Transformer,May_2025,3549.4296875
Hoima,Transformer,June_2025,4063.99853515625
Hoima,Transformer,July_2025,3770.82666015625
Hoima,XGBoost,May_2025,4321.80615234375
Hoima,XGBoost,June_2025,4296.31201171875
Hoima,XGBoost,July_2025,4268.00048828125
Ibanda,Dense,May_2025,7084.2294921875
Ibanda,Dense,June_2025,6309.4814453125
Ibanda,Dense,July_2025,5310.4580078125
Ibanda,LSTM,May_2025,7134.4892578125
Ibanda,LSTM,June_2025,6740.73974609375
Ibanda,LSTM,July_2025,6864.91455078125
Ibanda,GRU,May_2025,6307.01904296875
Ibanda,GRU,June_2025,5025.74609375
Ibanda,GRU,July_2025,6123.21337890625
Ibanda,Transformer,May_2025,7954.72998046875
Ibanda,Transformer,June_2025,7335.68603515625
Ibanda,Transformer,July_2025,8067.77392578125
Ibanda,XGBoost,May_2025,8463.701171875
Ibanda,XGBoost,June_2025,8476.982421875
Ibanda,XGBoost,July_2025,8364.2705078125
Iganga,Dense,May_2025,14956.9091796875
Iganga,Dense,June_2025,16474.224609375
Iganga,Dense,July_2025,15052.8515625
Iganga,LSTM,May_2025,15833.5185546875
Iganga,LSTM,June_2025,15063.8349609375
Iganga,LSTM,July_2025,15331.3310546875
Iganga,GRU,May_2025,15580.69140625
Iganga,GRU,June_2025,14129.19140625
Iganga,GRU,July_2025,15565.6142578125
Iganga,Transformer,May_2025,15106.4873046875
Iganga,Transformer,June_2025,16009.77734375
Iganga,Transformer,July_2025,15507.970703125
Iganga,XGBoost,May_2025,16762.29296875
Iganga,XGBoost,June_2025,16853.173828125
Iganga,XGBoost,July_2025,16681.646484375
Isingiro,Dense,May_2025,13128.5029296875
Isingiro,Dense,June_2025,12519.328125
Isingiro,Dense,July_2025,12123.3359375
Isingiro,LSTM,May_2025,11561.4091796875
Isingiro,LSTM,June_2025,13107.466796875
Isingiro,LSTM,July_2025,12333.91015625
Isingiro,GRU,May_2025,10961.5146484375
Isingiro,GRU,June_2025,9652.306640625
Isingiro,GRU,July_2025,11598.4404296875
Isingiro,Transformer,May_2025,11001.5341796875
Isingiro,Transformer,June_2025,12841.2734375
Isingiro,Transformer,July_2025,10947.3486328125
Isingiro,XGBoost,May_2025,13917.138671875
Isingiro,XGBoost,June_2025,13987.025390625
Isingiro,XGBoost,July_2025,14005.740234375
Jinja,Dense,May_2025,13330.1884765625
Jinja,Dense,June_2025,15569.2001953125
Jinja,Dense,July_2025,13659.5498046875
Jinja,LSTM,May_2025,14473.7578125
Jinja,LSTM,June_2025,14006.7841796875
Jinja,LSTM,July_2025,14231.5849609375
Jinja,GRU,May_2025,14121.9482421875
Jinja,GRU,June_2025,12765.19140625
Jinja,GRU,July_2025,13934.41796875
Jinja,Transformer,May_2025,16582.96484375
Jinja,Transformer,June_2025,16338.7158203125
Jinja,Transformer,July_2025,15383.3349609375
Jinja,XGBoost,May_2025,14308.2802734375
Jinja,XGBoost,June_2025,14395.1435546875
Jinja,XGBoost,July_2025,14353.2861328125
Kabale,Dense,May_2025,480.2351989746094
Kabale,Dense,June_2025,382.37152099609375
Kabale,Dense,July_2025,412.90435791015625
Kabale,LSTM,May_2025,482.3616638183594
Kabale,LSTM,June_2025,447.412109375
Kabale,LSTM,July_2025,459.622802734375
Kabale,GRU,May_2025,446.818115234375
Kabale,GRU,June_2025,390.16424560546875
Kabale,GRU,July_2025,416.5718688964844
Kabale,Transformer,May_2025,543.3359375
Kabale,Transformer,June_2025,553.1839599609375
Kabale,Transformer,July_2025,450.79559326171875
Kabale,XGBoost,May_2025,411.0517272949219
Kabale,XGBoost,June_2025,419.3966979980469
Kabale,XGBoost,July_2025,412.53692626953125
Kabarole,Dense,May_2025,1263.2186279296875
Kabarole,Dense,June_2025,872.71728515625
Kabarole,Dense,July_2025,618.7689208984375
Kabarole,LSTM,May_2025,1515.52197265625
Kabarole,LSTM,June_2025,1489.0985107421875
Kabarole,LSTM,July_2025,1238.383544921875
Kabarole,GRU,May_2025,1450.8837890625
Kabarole,GRU,June_2025,1100.2110595703125
Kabarole,GRU,July_2025,919.4915771484375
Kabarole,Transformer,May_2025,1757.59716796875
Kabarole,Transformer,June_2025,1762.3778076171875
Kabarole,Transformer,July_2025,1712.687744140625
Kabarole,XGBoost,May_2025,2033.9681396484375
Kabarole,XGBoost,June_2025,2021.8563232421875
Kabarole,XGBoost,July_2025,2008.4061279296875
Kaberamaido,Dense,May_2025,4767.1494140625
Kaberamaido,Dense,June_2025,4854.5107421875
Kaberamaido,Dense,July_2025,3809.4814453125
Kaberamaido,LSTM,May_2025,4776.5625
Kaberamaido,LSTM,June_2025,4527.896484375
Kaberamaido,LSTM,July_2025,4486.8017578125
Kaberamaido,GRU,May_2025,5052.40966796875
Kaberamaido,GRU,June_2025,3998.6748046875
Kaberamaido,GRU,July_2025,3700.710693359375
Kaberamaido,Transformer,May_2025,5202.04931640625
Kaberamaido,Transformer,June_2025,5436.58349609375
Kaberamaido,Transformer,July_2025,5377.99169921875
Kaberamaido,XGBoost,May_2025,5784.97607421875
Kaberamaido,XGBoost,June_2025,5743.060546875
Kaberamaido,XGBoost,July_2025,5811.6845703125
Kagadi,Dense,May_2025,4871.43408203125
Kagadi,Dense,June_2025,3859.365234375
Kagadi,Dense,July_2025,2642.5546875
Kagadi,LSTM,May_2025,4473.64501953125
Kagadi,LSTM,June_2025,3799.6396484375
Kagadi,LSTM,July_2025,4305.90185546875
Kagadi,GRU,May_2025,3616.90869140625
Kagadi,GRU,June_2025,3074.43798828125
Kagadi,GRU,July_2025,3624.481201171875
Kagadi,Transformer,May_2025,4228.1591796875
Kagadi,Transformer,June_2025,3879.283935546875
Kagadi,Transformer,July_2025,3878.53271484375
Kagadi,XGBoost,May_2025,4800.30908203125
Kagadi,XGBoost,June_2025,4766.79736328125
Kagadi,XGBoost,July_2025,4713.19091796875
Kakumiro,Dense,May_2025,5056.94921875
Kakumiro,Dense,June_2025,4885.95361328125
Kakumiro,Dense,July_2025,2994.629638671875
Kakumiro,LSTM,May_2025,5239.03515625
Kakumiro,LSTM,June_2025,4732.0595703125
Kakumiro,LSTM,July_2025,4598.60498046875
Kakumiro,GRU,May_2025,4473.11376953125
Kakumiro,GRU,June_2025,3526.00341796875
Kakumiro,GRU,July_2025,4162.5849609375
Kakumiro,Transformer,May_2025,4535.84228515625
Kakumiro,Transformer,June_2025,4875.82861328125
Kakumiro,Transformer,July_2025,3984.09912109375
Kakumiro,XGBoost,May_2025,5594.623046875
Kakumiro,XGBoost,June_2025,5546.36181640625
Kakumiro,XGBoost,July_2025,5469.16064453125
Kalangala,Dense,May_2025,1053.73388671875
Kalangala,Dense,June_2025,1173.73388671875
Kalangala,Dense,July_2025,1008.3107299804688
Kalangala,LSTM,May_2025,929.8619384765625
Kalangala,LSTM,June_2025,982.0421142578125
Kalangala,LSTM,July_2025,1018.4658203125
Kalangala,GRU,May_2025,884.2384033203125
Kalangala,GRU,June_2025,823.5245971679688
Kalangala,GRU,July_2025,986.672607421875
Kalangala,Transformer,May_2025,1312.3040771484375
Kalangala,Transformer,June_2025,1229.003662109375
Kalangala,Transformer,July_2025,1174.6072998046875
Kalangala,XGBoost,May_2025,1043.2679443359375
Kalangala,XGBoost,June_2025,1050.898193359375
Kalangala,XGBoost,July_2025,1048.282470703125
Kaliro,Dense,May_2025,7614.41455078125
Kaliro,Dense,June_2025,7577.44384765625
Kaliro,Dense,July_2025,6656.32080078125
Kaliro,LSTM,May_2025,8106.58349609375
Kaliro,LSTM,June_2025,7324.546875
Kaliro,LSTM,July_2025,7658.048828125
Kaliro,GRU,May_2025,7981.4111328125
Kaliro,GRU,June_2025,6862.40771484375
Kaliro,GRU,July_2025,7229.462890625
Kaliro,Transformer,May_2025,7356.6435546875
Kaliro,Transformer,June_2025,8362.5390625
Kaliro,Transformer,July_2025,8130.45458984375
Kaliro,XGBoost,May_2025,8568.39453125
Kaliro,XGBoost,June_2025,8533.2490234375
Kaliro,XGBoost,July_2025,8567.3203125
Kalungu,Dense,May_2025,2475.694091796875
Kalungu,Dense,June_2025,2342.6953125
Kalungu,Dense,July_2025,2382.646240234375
Kalungu,LSTM,May_2025,2626.1435546875
Kalungu,LSTM,June_2025,2309.843994140625
Kalungu,LSTM,July_2025,2178.7099609375
Kalungu,GRU,May_2025,2232.565673828125
Kalungu,GRU,June_2025,1858.0904541015625
Kalungu,GRU,July_2025,2000.9560546875
Kalungu,Transformer,May_2025,2277.43896484375
Kalungu,Transformer,June_2025,2235.89697265625
Kalungu,Transformer,July_2025,2283.07666015625
Kalungu,XGBoost,May_2025,2893.429443359375
Kalungu,XGBoost,June_2025,2931.260498046875
Kalungu,XGBoost,July_2025,2870.65087890625
Kampala,Dense,May_2025,9964.669921875
Kampala,Dense,June_2025,10563.4599609375
Kampala,Dense,July_2025,9425.1328125
Kampala,LSTM,May_2025,10228.1484375
Kampala,LSTM,June_2025,10230.39453125
Kampala,LSTM,July_2025,10270.060546875
Kampala,GRU,May_2025,10302.71875
Kampala,GRU,June_2025,9149.9892578125
Kampala,GRU,July_2025,9165.35546875
Kampala,Transformer,May_2025,9924.5283203125
Kampala,Transformer,June_2025,9956.8720703125
Kampala,Transformer,July_2025,10582.427734375
Kampala,XGBoost,May_2025,11102.1806640625
Kampala,XGBoost,June_2025,11181.3857421875
Kampala,XGBoost,July_2025,11143.2177734375
Kamwenge,Dense,May_2025,9960.919921875
Kamwenge,Dense,June_2025,9478.6689453125
Kamwenge,Dense,July_2025,7135.11279296875
Kamwenge,LSTM,May_2025,9745.6396484375
Kamwenge,LSTM,June_2025,9629.927734375
Kamwenge,LSTM,July_2025,10005.916015625
Kamwenge,GRU,May_2025,8320.5234375
Kamwenge,GRU,June_2025,7363.822265625
Kamwenge,GRU,July_2025,8297.17578125
Kamwenge,Transformer,May_2025,10015.9248046875
Kamwenge,Transformer,June_2025,11354.0888671875
Kamwenge,Transformer,July_2025,10553.3681640625
Kamwenge,XGBoost,May_2025,11786.3330078125
Kamwenge,XGBoost,June_2025,11725.396484375
Kamwenge,XGBoost,July_2025,11657.7265625
Kanungu,Dense,May_2025,5477.826171875
Kanungu,Dense,June_2025,5404.517578125
Kanungu,Dense,July_2025,4684.12255859375
Kanungu,LSTM,May_2025,5273.0
Kanungu,LSTM,June_2025,5324.71923828125
Kanungu,LSTM,July_2025,5249.15771484375
Kanungu,GRU,May_2025,5020.55029296875
Kanungu,GRU,June_2025,4699.89453125
Kanungu,GRU,July_2025,5619.3212890625
Kanungu,Transformer,May_2025,6073.982421875
Kanungu,Transformer,June_2025,5734.93212890625
Kanungu,Transformer,July_2025,5529.75146484375
Kanungu,XGBoost,May_2025,5154.810546875
Kanungu,XGBoost,June_2025,5136.56787109375
Kanungu,XGBoost,July_2025,5090.28515625
Kapchorwa,Dense,May_2025,505.7463073730469
Kapchorwa,Dense,June_2025,566.9822998046875
Kapchorwa,Dense,July_2025,438.1825256347656
Kapchorwa,LSTM,May_2025,531.9541015625
Kapchorwa,LSTM,June_2025,524.4837036132812
Kapchorwa,LSTM,July_2025,558.4918823242188
Kapchorwa,GRU,May_2025,553.6650390625
Kapchorwa,GRU,June_2025,491.60516357421875
Kapchorwa,GRU,July_2025,532.864990234375
Kapchorwa,Transformer,May_2025,640.0455322265625
Kapchorwa,Transformer,June_2025,694.9715576171875
Kapchorwa,Transformer,July_2025,567.0191650390625
Kapchorwa,XGBoost,May_2025,531.0400390625
Kapchorwa,XGBoost,June_2025,527.607666015625
Kapchorwa,XGBoost,July_2025,522.1170654296875
Kasese,Dense,May_2025,15467.7021484375
Kasese,Dense,June_2025,15611.384765625
Kasese,Dense,July_2025,12035.326171875
Kasese,LSTM,May_2025,16120.2880859375
Kasese,LSTM,June_2025,15375.4306640625
Kasese,LSTM,July_2025,14975.37109375
Kasese,GRU,May_2025,13660.52734375
Kasese,GRU,June_2025,12034.3251953125
Kasese,GRU,July_2025,14193.16015625
Kasese,Transformer,May_2025,17933.482421875
Kasese,Transformer,June_2025,17597.666015625
Kasese,Transformer,July_2025,17627.525390625
Kasese,XGBoost,May_2025,15808.46484375
Kasese,XGBoost,June_2025,15696.9228515625
Kasese,XGBoost,July_2025,15021.4912109375
Katakwi,Dense,May_2025,9210.529296875
Katakwi,Dense,June_2025,8578.9326171875
Katakwi,Dense,July_2025,8413.46484375
Katakwi,LSTM,May_2025,9962.748046875
Katakwi,LSTM,June_2025,9354.1328125
Katakwi,LSTM,July_2025,8937.1416015625
Katakwi,GRU,May_2025,9328.6640625
Katakwi,GRU,June_2025,8133.0703125
Katakwi,GRU,July_2025,8491.21875
Katakwi,Transformer,May_2025,9393.8291015625
Katakwi,Transformer,June_2025,9619.0673828125
Katakwi,Transformer,July_2025,9473.7646484375
Katakwi,XGBoost,May_2025,11025.5732421875
Katakwi,XGBoost,June_2025,11007.67578125
Katakwi,XGBoost,July_2025,10902.6083984375
Kayunga,Dense,May_2025,8305.0634765625
Kayunga,Dense,June_2025,6961.927734375
Kayunga,Dense,July_2025,7158.69287109375
Kayunga,LSTM,May_2025,7910.58837890625
Kayunga,LSTM,June_2025,7269.138671875
Kayunga,LSTM,July_2025,7767.96826171875
Kayunga,GRU,May_2025,8102.56640625
Kayunga,GRU,June_2025,6944.6640625
Kayunga,GRU,July_2025,6772.7490234375
Kayunga,Transformer,May_2025,8078.16943359375
Kayunga,Transformer,June_2025,7771.48876953125
Kayunga,Transformer,July_2025,7903.75634765625
Kayunga,XGBoost,May_2025,9168.197265625
Kayunga,XGBoost,June_2025,9081.2451171875
Kayunga,XGBoost,July_2025,9166.5302734375
Kibaale,Dense,May_2025,2341.3935546875
Kibaale,Dense,June_2025,1939.0516357421875
Kibaale,Dense,July_2025,1387.218505859375
Kibaale,LSTM,May_2025,2067.28564453125
Kibaale,LSTM,June_2025,2040.3040771484375
Kibaale,LSTM,July_2025,1989.4791259765625
Kibaale,GRU,May_2025,1749.277587890625
Kibaale,GRU,June_2025,1616.189208984375
Kibaale,GRU,July_2025,1658.635498046875
Kibaale,Transformer,May_2025,2067.081787109375
Kibaale,Transformer,June_2025,2139.19287109375
Kibaale,Transformer,July_2025,1907.0489501953125
Kibaale,XGBoost,May_2025,2340.510009765625
Kibaale,XGBoost,June_2025,2323.852294921875
Kibaale,XGBoost,July_2025,2305.353759765625
Kiboga,Dense,May_2025,3472.97802734375
Kiboga,Dense,June_2025,3754.9404296875
Kiboga,Dense,July_2025,2683.33203125
Kiboga,LSTM,May_2025,3406.471923828125
Kiboga,LSTM,June_2025,3207.688232421875
Kiboga,LSTM,July_2025,3680.24365234375
Kiboga,GRU,May_2025,3150.373779296875
Kiboga,GRU,June_2025,2227.98046875
Kiboga,GRU,July_2025,2657.13330078125
Kiboga,Transformer,May_2025,3868.863525390625
Kiboga,Transformer,June_2025,3660.415283203125
Kiboga,Transformer,July_2025,3879.574951171875
Kiboga,XGBoost,May_2025,4190.734375
Kiboga,XGBoost,June_2025,4161.21630859375
Kiboga,XGBoost,July_2025,4128.4365234375
Kibuku,Dense,May_2025,2862.62890625
Kibuku,Dense,June_2025,3418.3056640625
Kibuku,Dense,July_2025,0.0
Kibuku,LSTM,May_2025,6731.1796875
Kibuku,LSTM,June_2025,4264.77783203125
Kibuku,LSTM,July_2025,5779.13720703125
Kibuku,GRU,May_2025,6474.66552734375
Kibuku,GRU,June_2025,1403.4833984375
Kibuku,GRU,July_2025,1567.494140625
Kibuku,Transformer,May_2025,7734.958984375
Kibuku,Transformer,June_2025,6447.2744140625
Kibuku,Transformer,July_2025,8953.1220703125
Kibuku,XGBoost,May_2025,10480.26171875
Kibuku,XGBoost,June_2025,10337.3154296875
Kibuku,XGBoost,July_2025,10178.57421875
Kiruhura,Dense,May_2025,2275.856689453125
Kiruhura,Dense,June_2025,2187.89501953125
Kiruhura,Dense,July_2025,1375.911865234375
Kiruhura,LSTM,May_2025,1946.4326171875
Kiruhura,LSTM,June_2025,1837.1995849609375
Kiruhura,LSTM,July_2025,1896.92236328125
Kiruhura,GRU,May_2025,1716.966064453125
Kiruhura,GRU,June_2025,1167.731689453125
Kiruhura,GRU,July_2025,1196.8857421875
Kiruhura,Transformer,May_2025,2145.5888671875
Kiruhura,Transformer,June_2025,2586.49658203125
Kiruhura,Transformer,July_2025,2458.566162109375
Kiruhura,XGBoost,May_2025,2850.826904296875
Kiruhura,XGBoost,June_2025,2821.005859375
Kiruhura,XGBoost,July_2025,2773.302734375
Kiryandongo,Dense,May_2025,7062.3447265625
Kiryandongo,Dense,June_2025,6904.7900390625
Kiryandongo,Dense,July_2025,5187.3916015625
Kiryandongo,LSTM,May_2025,7494.64013671875
Kiryandongo,LSTM,June_2025,6641.7314453125
Kiryandongo,LSTM,July_2025,6639.86767578125
Kiryandongo,GRU,May_2025,6574.01171875
Kiryandongo,GRU,June_2025,5959.599609375
Kiryandongo,GRU,July_2025,6252.35546875
Kiryandongo,Transformer,May_2025,7164.46435546875
Kiryandongo,Transformer,June_2025,6926.80859375
Kiryandongo,Transformer,July_2025,7026.02197265625
Kiryandongo,XGBoost,May_2025,7495.3525390625
Kiryandongo,XGBoost,June_2025,7434.5478515625
Kiryandongo,XGBoost,July_2025,7366.19677734375
Kisoro,Dense,May_2025,972.3875732421875
Kisoro,Dense,June_2025,854.113525390625
Kisoro,Dense,July_2025,803.5785522460938
Kisoro,LSTM,May_2025,1035.1695556640625
Kisoro,LSTM,June_2025,971.298583984375
Kisoro,LSTM,July_2025,1063.213134765625
Kisoro,GRU,May_2025,857.927490234375
Kisoro,GRU,June_2025,737.7544555664062
Kisoro,GRU,July_2025,911.2568359375
Kisoro,Transformer,May_2025,969.2147827148438
Kisoro,Transformer,June_2025,1047.0098876953125
Kisoro,Transformer,July_2025,908.1498413085938
Kisoro,XGBoost,May_2025,765.7908935546875
Kisoro,XGBoost,June_2025,782.2083740234375
Kisoro,XGBoost,July_2025,761.99072265625
Kitgum,Dense,May_2025,10173.1064453125
Kitgum,Dense,June_2025,6802.994140625
Kitgum,Dense,July_2025,6432.91064453125
Kitgum,LSTM,May_2025,9502.935546875
Kitgum,LSTM,June_2025,9240.34765625
Kitgum,LSTM,July_2025,8629.541015625
Kitgum,GRU,May_2025,8730.177734375
Kitgum,GRU,June_2025,6216.95458984375
Kitgum,GRU,July_2025,7645.00732421875
Kitgum,Transformer,May_2025,11166.75
Kitgum,Transformer,June_2025,9897.564453125
Kitgum,Transformer,July_2025,10072.298828125
Kitgum,XGBoost,May_2025,12171.9345703125
Kitgum,XGBoost,June_2025,12077.5087890625
Kitgum,XGBoost,July_2025,11926.4599609375
Koboko,Dense,May_2025,9349.5302734375
Koboko,Dense,June_2025,6949.6181640625
Koboko,Dense,July_2025,6457.849609375
Koboko,LSTM,May_2025,8788.7392578125
Koboko,LSTM,June_2025,7774.2724609375
Koboko,LSTM,July_2025,8046.40625
Koboko,GRU,May_2025,8144.7958984375
Koboko,GRU,June_2025,7117.78759765625
Koboko,GRU,July_2025,7456.568359375
Koboko,Transformer,May_2025,8606.50390625
Koboko,Transformer,June_2025,8618.724609375
Koboko,Transformer,July_2025,8384.1123046875
Koboko,XGBoost,May_2025,9477.943359375
Koboko,XGBoost,June_2025,9422.271484375
Koboko,XGBoost,July_2025,9333.216796875
Kole,Dense,May_2025,6299.8369140625
Kole,Dense,June_2025,5905.17724609375
Kole,Dense,July_2025,5163.64453125
Kole,LSTM,May_2025,5858.587890625
Kole,LSTM,June_2025,6275.09375
Kole,LSTM,July_2025,5504.869140625
Kole,GRU,May_2025,5649.72265625
Kole,GRU,June_2025,4398.0166015625
Kole,GRU,July_2025,4741.8642578125
Kole,Transformer,May_2025,6393.466796875
Kole,Transformer,June_2025,7069.71240234375
Kole,Transformer,July_2025,6593.005859375
Kole,XGBoost,May_2025,7463.97802734375
Kole,XGBoost,June_2025,7415.15869140625
Kole,XGBoost,July_2025,7337.0654296875
Kotido,Dense,May_2025,3842.853759765625
Kotido,Dense,June_2025,3449.5986328125
Kotido,Dense,July_2025,3155.205078125
Kotido,LSTM,May_2025,4999.46435546875
Kotido,LSTM,June_2025,3941.503173828125
Kotido,LSTM,July_2025,4374.2099609375
Kotido,GRU,May_2025,4129.322265625
Kotido,GRU,June_2025,3604.31640625
Kotido,GRU,July_2025,3772.125
Kotido,Transformer,May_2025,4636.0498046875
Kotido,Transformer,June_2025,5097.73095703125
Kotido,Transformer,July_2025,4799.3994140625
Kotido,XGBoost,May_2025,6112.59619140625
Kotido,XGBoost,June_2025,6095.88916015625
Kotido,XGBoost,July_2025,5997.8115234375
Kumi,Dense,May_2025,9568.8740234375
Kumi,Dense,June_2025,9239.8447265625
Kumi,Dense,July_2025,8217.55078125
Kumi,LSTM,May_2025,9559.5517578125
Kumi,LSTM,June_2025,9303.4599609375
Kumi,LSTM,July_2025,9678.5126953125
Kumi,GRU,May_2025,9734.19140625
Kumi,GRU,June_2025,8148.4970703125
Kumi,GRU,July_2025,7992.048828125
Kumi,Transformer,May_2025,10329.4765625
Kumi,Transformer,June_2025,10504.052734375
Kumi,Transformer,July_2025,10294.541015625
Kumi,XGBoost,May_2025,11557.4912109375
Kumi,XGBoost,June_2025,11513.0888671875
Kumi,XGBoost,July_2025,11425.2666015625
Kwania,Dense,May_2025,4442.595703125
Kwania,Dense,June_2025,4476.2998046875
Kwania,Dense,July_2025,3365.766845703125
Kwania,LSTM,May_2025,4798.52783203125
Kwania,LSTM,June_2025,4023.26318359375
Kwania,LSTM,July_2025,4493.85400390625
Kwania,GRU,May_2025,3950.28857421875
Kwania,GRU,June_2025,3294.8193359375
Kwania,GRU,July_2025,3297.02880859375
Kwania,Transformer,May_2025,4268.57763671875
Kwania,Transformer,June_2025,5020.70654296875
Kwania,Transformer,July_2025,4410.689453125
Kwania,XGBoost,May_2025,5566.115234375
Kwania,XGBoost,June_2025,5526.92333984375
Kwania,XGBoost,July_2025,5483.40185546875
Kween,Dense,May_2025,842.6470336914062
Kween,Dense,June_2025,774.23291015625
Kween,Dense,July_2025,699.8675537109375
Kween,LSTM,May_2025,877.1551513671875
Kween,LSTM,June_2025,811.0731811523438
Kween,LSTM,July_2025,814.8682861328125
Kween,GRU,May_2025,844.3257446289062
Kween,GRU,June_2025,698.1526489257812
Kween,GRU,July_2025,804.9183349609375
Kween,Transformer,May_2025,776.1069946289062
Kween,Transformer,June_2025,861.18603515625
Kween,Transformer,July_2025,838.0426025390625
Kween,XGBoost,May_2025,977.8865966796875
Kween,XGBoost,June_2025,972.3058471679688
Kween,XGBoost,July_2025,963.378662109375
Kyankwanzi,Dense,May_2025,2624.2666015625
Kyankwanzi,Dense,June_2025,2615.15966796875
Kyankwanzi,Dense,July_2025,1561.939453125
Kyankwanzi,LSTM,May_2025,2498.288818359375
Kyankwanzi,LSTM,June_2025,2483.197265625
Kyankwanzi,LSTM,July_2025,2484.47119140625
Kyankwanzi,GRU,May_2025,2311.199951171875
Kyankwanzi,GRU,June_2025,1845.0029296875
Kyankwanzi,GRU,July_2025,1839.254638671875
Kyankwanzi,Transformer,May_2025,2732.18994140625
Kyankwanzi,Transformer,June_2025,2980.509521484375
Kyankwanzi,Transformer,July_2025,2632.8837890625
Kyankwanzi,XGBoost,May_2025,3124.45703125
Kyankwanzi,XGBoost,June_2025,3103.067138671875
Kyankwanzi,XGBoost,July_2025,3072.74609375
Kyegegwa,Dense,May_2025,9554.6005859375
Kyegegwa,Dense,June_2025,8878.677734375
Kyegegwa,Dense,July_2025,6158.888671875
Kyegegwa,LSTM,May_2025,8926.828125
Kyegegwa,LSTM,June_2025,7963.421875
Kyegegwa,LSTM,July_2025,8462.2333984375
Kyegegwa,GRU,May_2025,7398.46875
Kyegegwa,GRU,June_2025,6050.0576171875
Kyegegwa,GRU,July_2025,6792.93017578125
Kyegegwa,Transformer,May_2025,8617.2099609375
Kyegegwa,Transformer,June_2025,9534.67578125
Kyegegwa,Transformer,July_2025,7970.609375
Kyegegwa,XGBoost,May_2025,9941.072265625
Kyegegwa,XGBoost,June_2025,9874.0537109375
Kyegegwa,XGBoost,July_2025,9766.8486328125
Kyenjojo,Dense,May_2025,4928.521484375
Kyenjojo,Dense,June_2025,2893.44189453125
Kyenjojo,Dense,July_2025,1001.6875
Kyenjojo,LSTM,May_2025,5556.37451171875
Kyenjojo,LSTM,June_2025,4849.20263671875
Kyenjojo,LSTM,July_2025,4046.246337890625
Kyenjojo,GRU,May_2025,4083.65966796875
Kyenjojo,GRU,June_2025,2900.7119140625
Kyenjojo,GRU,July_2025,2842.9599609375
Kyenjojo,Transformer,May_2025,5449.7646484375
Kyenjojo,Transformer,June_2025,6178.96240234375
Kyenjojo,Transformer,July_2025,5979.17138671875
Kyenjojo,XGBoost,May_2025,7460.712890625
Kyenjojo,XGBoost,June_2025,7398.630859375
Kyenjojo,XGBoost,July_2025,7329.68896484375
Lamwo,Dense,May_2025,14658.9755859375
Lamwo,Dense,June_2025,12000.873046875
Lamwo,Dense,July_2025,10051.07421875
Lamwo,LSTM,May_2025,13385.095703125
Lamwo,LSTM,June_2025,12028.6650390625
Lamwo,LSTM,July_2025,11827.857421875
Lamwo,GRU,May_2025,12820.1015625
Lamwo,GRU,June_2025,10632.783203125
Lamwo,GRU,July_2025,10876.03125
Lamwo,Transformer,May_2025,15139.515625
Lamwo,Transformer,June_2025,14602.9404296875
Lamwo,Transformer,July_2025,13412.583984375
Lamwo,XGBoost,May_2025,17263.55859375
Lamwo,XGBoost,June_2025,17147.35546875
Lamwo,XGBoost,July_2025,16961.470703125
Lira,Dense,May_2025,8690.009765625
Lira,Dense,June_2025,8079.09912109375
Lira,Dense,July_2025,7641.7431640625
Lira,LSTM,May_2025,8913.6923828125
Lira,LSTM,June_2025,8462.1611328125
Lira,LSTM,July_2025,7997.09033203125
Lira,GRU,May_2025,7775.5634765625
Lira,GRU,June_2025,7127.2177734375
Lira,GRU,July_2025,7307.3525390625
Lira,Transformer,May_2025,7897.70703125
Lira,Transformer,June_2025,8502.068359375
Lira,Transformer,July_2025,9017.3779296875
Lira,XGBoost,May_2025,9403.921875
Lira,XGBoost,June_2025,9363.1591796875
Lira,XGBoost,July_2025,9317.8935546875
Luuka,Dense,May_2025,11996.1162109375
Luuka,Dense,June_2025,12540.158203125
Luuka,Dense,July_2025,11103.9892578125
Luuka,LSTM,May_2025,12355.8173828125
Luuka,LSTM,June_2025,11719.0478515625
Luuka,LSTM,July_2025,11969.1171875
Luuka,GRU,May_2025,12251.083984375
Luuka,GRU,June_2025,10874.810546875
Luuka,GRU,July_2025,11455.2177734375
Luuka,Transformer,May_2025,11879.30078125
Luuka,Transformer,June_2025,12218.9677734375
Luuka,Transformer,July_2025,12332.5986328125
Luuka,XGBoost,May_2025,13044.080078125
Luuka,XGBoost,June_2025,13072.3759765625
Luuka,XGBoost,July_2025,13079.9541015625
Luwero,Dense,May_2025,8678.7021484375
Luwero,Dense,June_2025,7849.54443359375
Luwero,Dense,July_2025,7316.28271484375
Luwero,LSTM,May_2025,9491.6171875
Luwero,LSTM,June_2025,8727.2294921875
Luwero,LSTM,July_2025,9297.1708984375
Luwero,GRU,May_2025,8707.22265625
Luwero,GRU,June_2025,7375.486328125
Luwero,GRU,July_2025,7343.92919921875
Luwero,Transformer,May_2025,10199.6240234375
Luwero,Transformer,June_2025,9887.447265625
Luwero,Transformer,July_2025,9750.7841796875
Luwero,XGBoost,May_2025,10986.564453125
Luwero,XGBoost,June_2025,10936.98828125
Luwero,XGBoost,July_2025,10881.9345703125
Lwengo,Dense,May_2025,3025.447265625
Lwengo,Dense,June_2025,2653.4892578125
Lwengo,Dense,July_2025,2144.73193359375
Lwengo,LSTM,May_2025,3141.34423828125
Lwengo,LSTM,June_2025,3287.720703125
Lwengo,LSTM,July_2025,3016.975830078125
Lwengo,GRU,May_2025,3173.286865234375
Lwengo,GRU,June_2025,2093.419921875
Lwengo,GRU,July_2025,2367.08837890625
Lwengo,Transformer,May_2025,3870.2216796875
Lwengo,Transformer,June_2025,3404.3837890625
Lwengo,Transformer,July_2025,3393.2607421875
Lwengo,XGBoost,May_2025,4201.61083984375
Lwengo,XGBoost,June_2025,4245.13427734375
Lwengo,XGBoost,July_2025,4256.421875
Lyantonde,Dense,May_2025,1198.5048828125
Lyantonde,Dense,June_2025,1123.707763671875
Lyantonde,Dense,July_2025,658.00341796875
Lyantonde,LSTM,May_2025,1272.8994140625
Lyantonde,LSTM,June_2025,1392.5882568359375
Lyantonde,LSTM,July_2025,1461.98046875
Lyantonde,GRU,May_2025,1243.967041015625
Lyantonde,GRU,June_2025,625.252685546875
Lyantonde,GRU,July_2025,930.3521728515625
Lyantonde,Transformer,May_2025,1556.0751953125
Lyantonde,Transformer,June_2025,1835.5108642578125
Lyantonde,Transformer,July_2025,1942.9129638671875
Lyantonde,XGBoost,May_2025,2119.768798828125
Lyantonde,XGBoost,June_2025,2127.97900390625
Lyantonde,XGBoost,July_2025,2195.940185546875
Manafwa,Dense,May_2025,4691.9384765625
Manafwa,Dense,June_2025,4456.4423828125
Manafwa,Dense,July_2025,4019.847900390625
Manafwa,LSTM,May_2025,5032.23974609375
Manafwa,LSTM,June_2025,5024.453125
Manafwa,LSTM,July_2025,4878.0673828125
Manafwa,GRU,May_2025,5103.38623046875
Manafwa,GRU,June_2025,4889.34765625
Manafwa,GRU,July_2025,4890.6220703125
Manafwa,Transformer,May_2025,4631.42333984375
Manafwa,Transformer,June_2025,4884.7099609375
Manafwa,Transformer,July_2025,4207.71875
Manafwa,XGBoost,May_2025,4182.42431640625
Manafwa,XGBoost,June_2025,4110.16259765625
Manafwa,XGBoost,July_2025,3999.14013671875
Maracha,Dense,May_2025,11087.103515625
Maracha,Dense,June_2025,9871.0625
Maracha,Dense,July_2025,9375.697265625
Maracha,LSTM,May_2025,10976.5712890625
Maracha,LSTM,June_2025,10402.70703125
Maracha,LSTM,July_2025,10332.4306640625
Maracha,GRU,May_2025,9913.625
Maracha,GRU,June_2025,9163.2333984375
Maracha,GRU,July_2025,9388.1435546875
Maracha,Transformer,May_2025,10936.6953125
Maracha,Transformer,June_2025,10735.7333984375
Maracha,Transformer,July_2025,11213.55859375
Maracha,XGBoost,May_2025,11741.6240234375
Maracha,XGBoost,June_2025,11695.8857421875
Maracha,XGBoost,July_2025,11622.720703125
Masaka,Dense,May_2025,3445.031982421875
Masaka,Dense,June_2025,3405.322998046875
Masaka,Dense,July_2025,3407.225830078125
Masaka,LSTM,May_2025,3343.54931640625
Masaka,LSTM,June_2025,3256.8466796875
Masaka,LSTM,July_2025,3288.9697265625
Masaka,GRU,May_2025,3129.3828125
Masaka,GRU,June_2025,2710.1259765625
Masaka,GRU,July_2025,2904.389404296875
Masaka,Transformer,May_2025,4332.916015625
Masaka,Transformer,June_2025,4302.27734375
Masaka,Transformer,July_2025,4002.884765625
Masaka,XGBoost,May_2025,3358.4912109375
Masaka,XGBoost,June_2025,3379.897705078125
Masaka,XGBoost,July_2025,3363.265380859375
Masindi,Dense,May_2025,4802.7451171875
Masindi,Dense,June_2025,4368.5244140625
Masindi,Dense,July_2025,3328.93798828125
Masindi,LSTM,May_2025,4989.68408203125
Masindi,LSTM,June_2025,4888.13525390625
Masindi,LSTM,July_2025,4370.46240234375
Masindi,GRU,May_2025,4575.62841796875
Masindi,GRU,June_2025,3380.0029296875
Masindi,GRU,July_2025,3543.8505859375
Masindi,Transformer,May_2025,4420.76708984375
Masindi,Transformer,June_2025,4571.7412109375
Masindi,Transformer,July_2025,4784.77685546875
Masindi,XGBoost,May_2025,5084.7646484375
Masindi,XGBoost,June_2025,5049.00927734375
Masindi,XGBoost,July_2025,5009.3037109375
Mayuge,Dense,May_2025,11825.666015625
Mayuge,Dense,June_2025,14094.1318359375
Mayuge,Dense,July_2025,12322.033203125
Mayuge,LSTM,May_2025,13326.7666015625
Mayuge,LSTM,June_2025,12774.484375
Mayuge,LSTM,July_2025,13245.4638671875
Mayuge,GRU,May_2025,12273.6572265625
Mayuge,GRU,June_2025,11445.513671875
Mayuge,GRU,July_2025,13171.4619140625
Mayuge,Transformer,May_2025,13667.33984375
Mayuge,Transformer,June_2025,13758.958984375
Mayuge,Transformer,July_2025,13874.029296875
Mayuge,XGBoost,May_2025,13927.87890625
Mayuge,XGBoost,June_2025,14024.193359375
Mayuge,XGBoost,July_2025,13977.78125
Mbale,Dense,May_2025,11694.771484375
Mbale,Dense,June_2025,10970.0107421875
Mbale,Dense,July_2025,10000.701171875
Mbale,LSTM,May_2025,11750.08203125
Mbale,LSTM,June_2025,11319.02734375
Mbale,LSTM,July_2025,11495.7763671875
Mbale,GRU,May_2025,12004.0537109375
Mbale,GRU,June_2025,11011.591796875
Mbale,GRU,July_2025,10814.7607421875
Mbale,Transformer,May_2025,11055.5751953125
Mbale,Transformer,June_2025,11303.50390625
Mbale,Transformer,July_2025,11753.3212890625
Mbale,XGBoost,May_2025,12397.1826171875
Mbale,XGBoost,June_2025,12357.572265625
Mbale,XGBoost,July_2025,12313.5849609375
Mbarara,Dense,May_2025,1590.225830078125
Mbarara,Dense,June_2025,1737.1212158203125
Mbarara,Dense,July_2025,1233.255859375
Mbarara,LSTM,May_2025,1469.03076171875
Mbarara,LSTM,June_2025,1671.224853515625
Mbarara,LSTM,July_2025,1595.931640625
Mbarara,GRU,May_2025,1261.64599609375
Mbarara,GRU,June_2025,1019.239990234375
Mbarara,GRU,July_2025,1650.89794921875
Mbarara,Transformer,May_2025,2161.626220703125
Mbarara,Transformer,June_2025,2137.67578125
Mbarara,Transformer,July_2025,1835.7269287109375
Mbarara,XGBoost,May_2025,1590.948974609375
Mbarara,XGBoost,June_2025,1600.300537109375
Mbarara,XGBoost,July_2025,1609.899658203125
Mitooma,Dense,May_2025,1869.978515625
Mitooma,Dense,June_2025,1506.72216796875
Mitooma,Dense,July_2025,1158.5958251953125
Mitooma,LSTM,May_2025,1759.0936279296875
Mitooma,LSTM,June_2025,1778.5233154296875
Mitooma,LSTM,July_2025,1671.197021484375
Mitooma,GRU,May_2025,1666.6104736328125
Mitooma,GRU,June_2025,1411.6148681640625
Mitooma,GRU,July_2025,1600.6318359375
Mitooma,Transformer,May_2025,2034.9022216796875
Mitooma,Transformer,June_2025,2049.399658203125
Mitooma,Transformer,July_2025,1982.8782958984375
Mitooma,XGBoost,May_2025,2245.91455078125
Mitooma,XGBoost,June_2025,2249.740234375
Mitooma,XGBoost,July_2025,2236.48779296875
Mityana,Dense,May_2025,6104.447265625
Mityana,Dense,June_2025,5776.5771484375
Mityana,Dense,July_2025,1615.6416015625
Mityana,LSTM,May_2025,5525.697265625
Mityana,LSTM,June_2025,4769.2265625
Mityana,LSTM,July_2025,4563.16455078125
Mityana,GRU,May_2025,4121.0830078125
Mityana,GRU,June_2025,0.0
Mityana,GRU,July_2025,1486.390625
Mityana,Transformer,May_2025,6168.95703125
Mityana,Transformer,June_2025,6689.7763671875
Mityana,Transformer,July_2025,7344.65771484375
Mityana,XGBoost,May_2025,9708.0048828125
Mityana,XGBoost,June_2025,9820.373046875
Mityana,XGBoost,July_2025,9850.4638671875
Moroto,Dense,May_2025,3608.94775390625
Moroto,Dense,June_2025,3826.45458984375
Moroto,Dense,July_2025,3497.467529296875
Moroto,LSTM,May_2025,3851.06884765625
Moroto,LSTM,June_2025,3883.177978515625
Moroto,LSTM,July_2025,3895.9208984375
Moroto,GRU,May_2025,3911.40185546875
Moroto,GRU,June_2025,3396.390869140625
Moroto,GRU,July_2025,3931.446533203125
Moroto,Transformer,May_2025,4122.220703125
Moroto,Transformer,June_2025,4304.19873046875
Moroto,Transformer,July_2025,3940.748291015625
Moroto,XGBoost,May_2025,3585.2021484375
Moroto,XGBoost,June_2025,3568.067138671875
Moroto,XGBoost,July_2025,3524.859619140625
Moyo,Dense,May_2025,8105.73876953125
Moyo,Dense,June_2025,7171.85302734375
Moyo,Dense,July_2025,6552.03515625
Moyo,LSTM,May_2025,8181.52880859375
Moyo,LSTM,June_2025,7343.294921875
Moyo,LSTM,July_2025,7458.74169921875
Moyo,GRU,May_2025,7481.310546875
Moyo,GRU,June_2025,6353.4990234375
Moyo,GRU,July_2025,6918.107421875
Moyo,Transformer,May_2025,9851.39453125
Moyo,Transformer,June_2025,10393.8095703125
Moyo,Transformer,July_2025,9184.568359375
Moyo,XGBoost,May_2025,8390.396484375
Moyo,XGBoost,June_2025,8535.224609375
Moyo,XGBoost,July_2025,8289.2587890625
Mpigi,Dense,May_2025,2867.451171875
Mpigi,Dense,June_2025,2890.10986328125
Mpigi,Dense,July_2025,2572.023193359375
Mpigi,LSTM,May_2025,2793.14697265625
Mpigi,LSTM,June_2025,2521.769287109375
Mpigi,LSTM,July_2025,2614.50537109375
Mpigi,GRU,May_2025,2554.705322265625
Mpigi,GRU,June_2025,2282.61279296875
Mpigi,GRU,July_2025,2208.719482421875
Mpigi,Transformer,May_2025,3153.3564453125
Mpigi,Transformer,June_2025,3314.267578125
Mpigi,Transformer,July_2025,3155.499755859375
Mpigi,XGBoost,May_2025,2935.48828125
Mpigi,XGBoost,June_2025,2956.7294921875
Mpigi,XGBoost,July_2025,2940.2255859375
Mubende,Dense,May_2025,5021.369140625
Mubende,Dense,June_2025,3697.464599609375
Mubende,Dense,July_2025,1783.9443359375
Mubende,LSTM,May_2025,5456.01953125
Mubende,LSTM,June_2025,4364.6162109375
Mubende,LSTM,July_2025,4845.35546875
Mubende,GRU,May_2025,4436.384765625
Mubende,GRU,June_2025,2620.572265625
Mubende,GRU,July_2025,2761.60546875
Mubende,Transformer,May_2025,5188.68603515625
Mubende,Transformer,June_2025,6102.75
Mubende,Transformer,July_2025,5843.173828125
Mubende,XGBoost,May_2025,7264.68408203125
Mubende,XGBoost,June_2025,7207.29443359375
Mubende,XGBoost,July_2025,7115.49072265625
Mukono,Dense,May_2025,9383.9375
Mukono,Dense,June_2025,9737.0146484375
Mukono,Dense,July_2025,9120.7529296875
Mukono,LSTM,May_2025,9157.4169921875
Mukono,LSTM,June_2025,9276.177734375
Mukono,LSTM,July_2025,8883.2685546875
Mukono,GRU,May_2025,9188.546875
Mukono,GRU,June_2025,8072.54296875
Mukono,GRU,July_2025,8840.8916015625
Mukono,Transformer,May_2025,9406.2685546875
Mukono,Transformer,June_2025,9896.4169921875
Mukono,Transformer,July_2025,9476.162109375
Mukono,XGBoost,May_2025,9409.3515625
Mukono,XGBoost,June_2025,9450.50390625
Mukono,XGBoost,July_2025,9418.529296875
Nakapiripirit,Dense,May_2025,3656.19091796875
Nakapiripirit,Dense,June_2025,3449.203857421875
Nakapiripirit,Dense,July_2025,3238.70166015625
Nakapiripirit,LSTM,May_2025,3805.123046875
Nakapiripirit,LSTM,June_2025,3514.019287109375
Nakapiripirit,LSTM,July_2025,3663.098388671875
Nakapiripirit,GRU,May_2025,3526.679931640625
Nakapiripirit,GRU,June_2025,3302.31787109375
Nakapiripirit,GRU,July_2025,3348.10205078125
Nakapiripirit,Transformer,May_2025,3924.147705078125
Nakapiripirit,Transformer,June_2025,3927.348876953125
Nakapiripirit,Transformer,July_2025,3766.527099609375
Nakapiripirit,XGBoost,May_2025,4120.94482421875
Nakapiripirit,XGBoost,June_2025,4105.54931640625
Nakapiripirit,XGBoost,July_2025,4080.922119140625
Nakaseke,Dense,May_2025,4052.889404296875
Nakaseke,Dense,June_2025,4210.609375
Nakaseke,Dense,July_2025,3692.089599609375
Nakaseke,LSTM,May_2025,4048.058837890625
Nakaseke,LSTM,June_2025,4039.24462890625
Nakaseke,LSTM,July_2025,4004.335205078125
Nakaseke,GRU,May_2025,3470.502685546875
Nakaseke,GRU,June_2025,2953.38232421875
Nakaseke,GRU,July_2025,3181.799560546875
Nakaseke,Transformer,May_2025,3556.689208984375
Nakaseke,Transformer,June_2025,3637.261474609375
Nakaseke,Transformer,July_2025,3615.975830078125
Nakaseke,XGBoost,May_2025,4323.2236328125
Nakaseke,XGBoost,June_2025,4331.5205078125
Nakaseke,XGBoost,July_2025,4279.875
Nakasongola,Dense,May_2025,6028.00732421875
Nakasongola,Dense,June_2025,5191.9794921875
Nakasongola,Dense,July_2025,4344.03515625
Nakasongola,LSTM,May_2025,6163.62451171875
Nakasongola,LSTM,June_2025,5924.7685546875
Nakasongola,LSTM,July_2025,6094.541015625
Nakasongola,GRU,May_2025,6167.1201171875
Nakasongola,GRU,June_2025,5151.7255859375
Nakasongola,GRU,July_2025,5577.2197265625
Nakasongola,Transformer,May_2025,5506.19384765625
Nakasongola,Transformer,June_2025,5658.6337890625
Nakasongola,Transformer,July_2025,6022.53125
Nakasongola,XGBoost,May_2025,7300.91748046875
Nakasongola,XGBoost,June_2025,7339.80859375
Nakasongola,XGBoost,July_2025,7186.93359375
Namayingo,Dense,May_2025,10374.685546875
Namayingo,Dense,June_2025,11714.0712890625
Namayingo,Dense,July_2025,10107.2587890625
Namayingo,LSTM,May_2025,11088.2861328125
Namayingo,LSTM,June_2025,11087.087890625
Namayingo,LSTM,July_2025,11370.5888671875
Namayingo,GRU,May_2025,11209.6787109375
Namayingo,GRU,June_2025,10390.4755859375
Namayingo,GRU,July_2025,11165.6669921875
Namayingo,Transformer,May_2025,10919.8876953125
Namayingo,Transformer,June_2025,11045.453125
Namayingo,Transformer,July_2025,11486.1259765625
Namayingo,XGBoost,May_2025,11872.32421875
Namayingo,XGBoost,June_2025,11915.8173828125
Namayingo,XGBoost,July_2025,11900.9072265625
Namisindwa,Dense,May_2025,4146.7666015625
Namisindwa,Dense,June_2025,4409.9150390625
Namisindwa,Dense,July_2025,3726.89208984375
Namisindwa,LSTM,May_2025,4389.7509765625
Namisindwa,LSTM,June_2025,4375.0068359375
Namisindwa,LSTM,July_2025,4431.453125
Namisindwa,GRU,May_2025,4223.82666015625
Namisindwa,GRU,June_2025,3908.91064453125
Namisindwa,GRU,July_2025,4821.3515625
Namisindwa,Transformer,May_2025,4047.24755859375
Namisindwa,Transformer,June_2025,4250.66162109375
Namisindwa,Transformer,July_2025,3283.919189453125
Namisindwa,XGBoost,May_2025,3259.951416015625
Namisindwa,XGBoost,June_2025,3170.420166015625
Namisindwa,XGBoost,July_2025,3192.062255859375
Namutumba,Dense,May_2025,5880.2939453125
Namutumba,Dense,June_2025,6988.49560546875
Namutumba,Dense,July_2025,5074.873046875
Namutumba,LSTM,May_2025,6735.85009765625
Namutumba,LSTM,June_2025,6162.98828125
Namutumba,LSTM,July_2025,6503.43359375
Namutumba,GRU,May_2025,7033.451171875
Namutumba,GRU,June_2025,5624.2294921875
Namutumba,GRU,July_2025,5802.56201171875
Namutumba,Transformer,May_2025,7550.474609375
Namutumba,Transformer,June_2025,7459.0634765625
Namutumba,Transformer,July_2025,6383.09716796875
Namutumba,XGBoost,May_2025,8129.62841796875
Namutumba,XGBoost,June_2025,8108.35595703125
Namutumba,XGBoost,July_2025,8010.98046875
Napak,Dense,May_2025,3245.469482421875
Napak,Dense,June_2025,3502.725830078125
Napak,Dense,July_2025,2695.398193359375
Napak,LSTM,May_2025,3803.72314453125
Napak,LSTM,June_2025,3247.746337890625
Napak,LSTM,July_2025,3464.117431640625
Napak,GRU,May_2025,3833.73193359375
Napak,GRU,June_2025,3061.27197265625
Napak,GRU,July_2025,2966.468994140625
Napak,Transformer,May_2025,3736.44189453125
Napak,Transformer,June_2025,3983.158935546875
Napak,Transformer,July_2025,3924.57080078125
Napak,XGBoost,May_2025,5012.6162109375
Napak,XGBoost,June_2025,4918.88037109375
Napak,XGBoost,July_2025,4920.7021484375
Nebbi,Dense,May_2025,9615.5478515625
Nebbi,Dense,June_2025,8372.375
Nebbi,Dense,July_2025,7670.26123046875
Nebbi,LSTM,May_2025,9286.6943359375
Nebbi,LSTM,June_2025,9115.625
Nebbi,LSTM,July_2025,9118.548828125
Nebbi,GRU,May_2025,8713.7802734375
Nebbi,GRU,June_2025,7604.00244140625
Nebbi,GRU,July_2025,7965.88671875
Nebbi,Transformer,May_2025,9518.521484375
Nebbi,Transformer,June_2025,9959.630859375
Nebbi,Transformer,July_2025,8799.521484375
Nebbi,XGBoost,May_2025,10167.615234375
Nebbi,XGBoost,June_2025,10145.578125
Nebbi,XGBoost,July_2025,10053.0712890625
Ngora,Dense,May_2025,6346.7978515625
Ngora,Dense,June_2025,6217.70703125
Ngora,Dense,July_2025,5562.6884765625
Ngora,LSTM,May_2025,6104.3388671875
Ngora,LSTM,June_2025,6043.9365234375
Ngora,LSTM,July_2025,5862.13818359375
Ngora,GRU,May_2025,6170.68994140625
Ngora,GRU,June_2025,5537.96484375
Ngora,GRU,July_2025,5588.9052734375
Ngora,Transformer,May_2025,6077.12890625
Ngora,Transformer,June_2025,5901.20361328125
Ngora,Transformer,July_2025,5983.345703125
Ngora,XGBoost,May_2025,6698.91455078125
Ngora,XGBoost,June_2025,6673.40380859375
Ngora,XGBoost,July_2025,6645.07373046875
Ntoroko,Dense,May_2025,648.2452392578125
Ntoroko,Dense,June_2025,354.6365051269531
Ntoroko,Dense,July_2025,240.41839599609375
Ntoroko,LSTM,May_2025,487.3235778808594
Ntoroko,LSTM,June_2025,387.191650390625
Ntoroko,LSTM,July_2025,454.1783447265625
Ntoroko,GRU,May_2025,546.98583984375
Ntoroko,GRU,June_2025,259.48858642578125
Ntoroko,GRU,July_2025,366.47509765625
Ntoroko,Transformer,May_2025,617.9210205078125
Ntoroko,Transformer,June_2025,618.2674560546875
Ntoroko,Transformer,July_2025,561.2791748046875
Ntoroko,XGBoost,May_2025,766.3683471679688
Ntoroko,XGBoost,June_2025,758.9744873046875
Ntoroko,XGBoost,July_2025,767.4628295898438
Ntungamo,Dense,May_2025,4211.322265625
Ntungamo,Dense,June_2025,3145.0166015625
Ntungamo,Dense,July_2025,2790.23193359375
Ntungamo,LSTM,May_2025,5011.453125
Ntungamo,LSTM,June_2025,4643.423828125
Ntungamo,LSTM,July_2025,4291.49951171875
Ntungamo,GRU,May_2025,4076.175048828125
Ntungamo,GRU,June_2025,3317.4775390625
Ntungamo,GRU,July_2025,3222.162841796875
Ntungamo,Transformer,May_2025,3353.0927734375
Ntungamo,Transformer,June_2025,4109.9384765625
Ntungamo,Transformer,July_2025,3883.851806640625
Ntungamo,XGBoost,May_2025,4190.94873046875
Ntungamo,XGBoost,June_2025,4307.611328125
Ntungamo,XGBoost,July_2025,4283.31494140625
Nwoya,Dense,May_2025,7515.7578125
Nwoya,Dense,June_2025,6811.3642578125
Nwoya,Dense,July_2025,5709.1474609375
Nwoya,LSTM,May_2025,6830.73046875
Nwoya,LSTM,June_2025,6447.9140625
Nwoya,LSTM,July_2025,6985.54345703125
Nwoya,GRU,May_2025,6301.74365234375
Nwoya,GRU,June_2025,5193.0634765625
Nwoya,GRU,July_2025,5741.59130859375
Nwoya,Transformer,May_2025,6518.07421875
Nwoya,Transformer,June_2025,7163.8056640625
Nwoya,Transformer,July_2025,6994.26708984375
Nwoya,XGBoost,May_2025,7777.82666015625
Nwoya,XGBoost,June_2025,7736.640625
Nwoya,XGBoost,July_2025,7670.7578125
Omoro,Dense,May_2025,8052.6982421875
Omoro,Dense,June_2025,6918.37255859375
Omoro,Dense,July_2025,5600.7978515625
Omoro,LSTM,May_2025,8364.25390625
Omoro,LSTM,June_2025,8250.4921875
Omoro,LSTM,July_2025,7415.96484375
Omoro,GRU,May_2025,6862.6416015625
Omoro,GRU,June_2025,5374.06103515625
Omoro,GRU,July_2025,6393.04248046875
Omoro,Transformer,May_2025,7556.423828125
Omoro,Transformer,June_2025,8542.96875
Omoro,Transformer,July_2025,8829.5966796875
Omoro,XGBoost,May_2025,10092.416015625
Omoro,XGBoost,June_2025,10022.1328125
Omoro,XGBoost,July_2025,9909.7041015625
Otuke,Dense,May_2025,4425.75732421875
Otuke,Dense,June_2025,3864.85595703125
Otuke,Dense,July_2025,3208.6337890625
Otuke,LSTM,May_2025,3755.80126953125
Otuke,LSTM,June_2025,4124.97412109375
Otuke,LSTM,July_2025,3550.470947265625
Otuke,GRU,May_2025,3696.792724609375
Otuke,GRU,June_2025,3308.970703125
Otuke,GRU,July_2025,3128.421875
Otuke,Transformer,May_2025,4714.1611328125
Otuke,Transformer,June_2025,4487.98193359375
Otuke,Transformer,July_2025,4337.03857421875
Otuke,XGBoost,May_2025,5518.5546875
Otuke,XGBoost,June_2025,5501.6279296875
Otuke,XGBoost,July_2025,5402.26513671875
Oyam,Dense,May_2025,11549.515625
Oyam,Dense,June_2025,11461.134765625
Oyam,Dense,July_2025,9637.7705078125
Oyam,LSTM,May_2025,11448.826171875
Oyam,LSTM,June_2025,11178.177734375
Oyam,LSTM,July_2025,10806.8876953125
Oyam,GRU,May_2025,10523.5703125
Oyam,GRU,June_2025,9181.8173828125
Oyam,GRU,July_2025,10265.9775390625
Oyam,Transformer,May_2025,11810.8994140625
Oyam,Transformer,June_2025,11541.376953125
Oyam,Transformer,July_2025,11011.599609375
Oyam,XGBoost,May_2025,13152.1083984375
Oyam,XGBoost,June_2025,13080.75390625
Oyam,XGBoost,July_2025,12966.61328125
Pader,Dense,May_2025,12896.9970703125
Pader,Dense,June_2025,11310.23828125
Pader,Dense,July_2025,10187.51953125
Pader,LSTM,May_2025,12262.4462890625
Pader,LSTM,June_2025,11893.638671875
Pader,LSTM,July_2025,11643.90625
Pader,GRU,May_2025,12181.4375
Pader,GRU,June_2025,10209.3701171875
Pader,GRU,July_2025,10503.2919921875
Pader,Transformer,May_2025,13007.4375
Pader,Transformer,June_2025,13072.08984375
Pader,Transformer,July_2025,11813.49609375
Pader,XGBoost,May_2025,14912.9814453125
Pader,XGBoost,June_2025,14819.841796875
Pader,XGBoost,July_2025,14670.8515625
Pakwach,Dense,May_2025,7955.65966796875
Pakwach,Dense,June_2025,7706.26904296875
Pakwach,Dense,July_2025,6862.98486328125
Pakwach,LSTM,May_2025,7916.08154296875
Pakwach,LSTM,June_2025,7902.244140625
Pakwach,LSTM,July_2025,7524.4375
Pakwach,GRU,May_2025,7022.19677734375
Pakwach,GRU,June_2025,6750.7587890625
Pakwach,GRU,July_2025,6810.33447265625
Pakwach,Transformer,May_2025,7537.70068359375
Pakwach,Transformer,June_2025,8421.4423828125
Pakwach,Transformer,July_2025,7274.65625
Pakwach,XGBoost,May_2025,7701.0498046875
Pakwach,XGBoost,June_2025,7761.638671875
Pakwach,XGBoost,July_2025,7720.73583984375
Pallisa,Dense,May_2025,2466.40087890625
Pallisa,Dense,June_2025,2610.5654296875
Pallisa,Dense,July_2025,974.18115234375
Pallisa,LSTM,May_2025,4289.021484375
Pallisa,LSTM,June_2025,4516.12060546875
Pallisa,LSTM,July_2025,4264.24609375
Pallisa,GRU,May_2025,5545.79736328125
Pallisa,GRU,June_2025,2709.091796875
Pallisa,GRU,July_2025,1795.9228515625
Pallisa,Transformer,May_2025,6646.45556640625
Pallisa,Transformer,June_2025,6212.86181640625
Pallisa,Transformer,July_2025,6048.8662109375
Pallisa,XGBoost,May_2025,7397.4453125
Pallisa,XGBoost,June_2025,7371.67333984375
Pallisa,XGBoost,July_2025,7440.84423828125
Rubanda,Dense,May_2025,235.57809448242188
Rubanda,Dense,June_2025,178.7268524169922
Rubanda,Dense,July_2025,183.66632080078125
Rubanda,LSTM,May_2025,242.67466735839844
Rubanda,LSTM,June_2025,217.49118041992188
Rubanda,LSTM,July_2025,204.5382080078125
Rubanda,GRU,May_2025,227.1396026611328
Rubanda,GRU,June_2025,181.414794921875
Rubanda,GRU,July_2025,178.89608764648438
Rubanda,Transformer,May_2025,189.50396728515625
Rubanda,Transformer,June_2025,218.79544067382812
Rubanda,Transformer,July_2025,196.71371459960938
Rubanda,XGBoost,May_2025,236.42431640625
Rubanda,XGBoost,June_2025,241.17066955566406
Rubanda,XGBoost,July_2025,238.65859985351562
Rubirizi,Dense,May_2025,2687.031494140625
Rubirizi,Dense,June_2025,2223.46337890625
Rubirizi,Dense,July_2025,1846.7886962890625
Rubirizi,LSTM,May_2025,2109.489990234375
Rubirizi,LSTM,June_2025,2156.8388671875
Rubirizi,LSTM,July_2025,2071.104248046875
Rubirizi,GRU,May_2025,1694.158935546875
Rubirizi,GRU,June_2025,1773.7987060546875
Rubirizi,GRU,July_2025,2074.21923828125
Rubirizi,Transformer,May_2025,2511.0439453125
Rubirizi,Transformer,June_2025,2521.175537109375
Rubirizi,Transformer,July_2025,2446.794921875
Rubirizi,XGBoost,May_2025,2075.2080078125
Rubirizi,XGBoost,June_2025,2093.603515625
Rubirizi,XGBoost,July_2025,2047.99951171875
Rukiga,Dense,May_2025,503.4559020996094
Rukiga,Dense,June_2025,203.74594116210938
Rukiga,Dense,July_2025,169.7121124267578
Rukiga,LSTM,May_2025,404.80926513671875
Rukiga,LSTM,June_2025,440.7043151855469
Rukiga,LSTM,July_2025,411.4123229980469
Rukiga,GRU,May_2025,325.5254211425781
Rukiga,GRU,June_2025,225.33897399902344
Rukiga,GRU,July_2025,251.3563232421875
Rukiga,Transformer,May_2025,248.2980194091797
Rukiga,Transformer,June_2025,375.6250915527344
Rukiga,Transformer,July_2025,221.62469482421875
Rukiga,XGBoost,May_2025,388.2472229003906
Rukiga,XGBoost,June_2025,406.9020080566406
Rukiga,XGBoost,July_2025,391.5673522949219
Rukungiri,Dense,May_2025,2119.3720703125
Rukungiri,Dense,June_2025,1862.26953125
Rukungiri,Dense,July_2025,1172.834228515625
Rukungiri,LSTM,May_2025,2815.691162109375
Rukungiri,LSTM,June_2025,2513.53955078125
Rukungiri,LSTM,July_2025,2453.0244140625
Rukungiri,GRU,May_2025,2613.00927734375
Rukungiri,GRU,June_2025,2233.67041015625
Rukungiri,GRU,July_2025,1794.67041015625
Rukungiri,Transformer,May_2025,3259.029296875
Rukungiri,Transformer,June_2025,3396.710205078125
Rukungiri,Transformer,July_2025,3091.47802734375
Rukungiri,XGBoost,May_2025,3599.3408203125
Rukungiri,XGBoost,June_2025,3605.175537109375
Rukungiri,XGBoost,July_2025,3584.963623046875
Sembabule,Dense,May_2025,3670.716552734375
Sembabule,Dense,June_2025,2706.793212890625
Sembabule,Dense,July_2025,1899.873046875
Sembabule,LSTM,May_2025,3424.471923828125
Sembabule,LSTM,June_2025,3458.364501953125
Sembabule,LSTM,July_2025,2970.3955078125
Sembabule,GRU,May_2025,3122.51318359375
Sembabule,GRU,June_2025,1946.885498046875
Sembabule,GRU,July_2025,1968.2685546875
Sembabule,Transformer,May_2025,4369.68212890625
Sembabule,Transformer,June_2025,4221.265625
Sembabule,Transformer,July_2025,3768.1513671875
Sembabule,XGBoost,May_2025,4779.5126953125
Sembabule,XGBoost,June_2025,4741.94677734375
Sembabule,XGBoost,July_2025,4681.8544921875
Serere,Dense,May_2025,6028.7099609375
Serere,Dense,June_2025,6683.69970703125
Serere,Dense,July_2025,4527.4404296875
Serere,LSTM,May_2025,6598.068359375
Serere,LSTM,June_2025,5969.2021484375
Serere,LSTM,July_2025,5704.7216796875
Serere,GRU,May_2025,7099.58203125
Serere,GRU,June_2025,5005.1728515625
Serere,GRU,July_2025,5065.1005859375
Serere,Transformer,May_2025,6549.72412109375
Serere,Transformer,June_2025,6707.99267578125
Serere,Transformer,July_2025,6839.5302734375
Serere,XGBoost,May_2025,7463.96142578125
Serere,XGBoost,June_2025,7408.0693359375
Serere,XGBoost,July_2025,7499.57568359375
Sheema,Dense,May_2025,278.9222412109375
Sheema,Dense,June_2025,271.7684020996094
Sheema,Dense,July_2025,216.69711303710938
Sheema,LSTM,May_2025,285.87078857421875
Sheema,LSTM,June_2025,264.32513427734375
Sheema,LSTM,July_2025,259.259521484375
Sheema,GRU,May_2025,240.12107849121094
Sheema,GRU,June_2025,171.81317138671875
Sheema,GRU,July_2025,208.46502685546875
Sheema,Transformer,May_2025,305.654052734375
Sheema,Transformer,June_2025,317.7439880371094
Sheema,Transformer,July_2025,306.2171630859375
Sheema,XGBoost,May_2025,366.87945556640625
Sheema,XGBoost,June_2025,369.2398376464844
Sheema,XGBoost,July_2025,369.8719177246094
Sironko,Dense,May_2025,3957.5205078125
Sironko,Dense,June_2025,4244.50341796875
Sironko,Dense,July_2025,3754.60888671875
Sironko,LSTM,May_2025,4104.5224609375
Sironko,LSTM,June_2025,3873.212158203125
Sironko,LSTM,July_2025,4030.314697265625
Sironko,GRU,May_2025,4293.14794921875
Sironko,GRU,June_2025,3868.239990234375
Sironko,GRU,July_2025,4183.33251953125
Sironko,Transformer,May_2025,5038.01416015625
Sironko,Transformer,June_2025,4853.8896484375
Sironko,Transformer,July_2025,4792.35595703125
Sironko,XGBoost,May_2025,4315.65869140625
Sironko,XGBoost,June_2025,4354.81298828125
Sironko,XGBoost,July_2025,4322.12646484375
Soroti,Dense,May_2025,11240.3564453125
Soroti,Dense,June_2025,10900.1318359375
Soroti,Dense,July_2025,10039.080078125
Soroti,LSTM,May_2025,11464.427734375
Soroti,LSTM,June_2025,11389.0283203125
Soroti,LSTM,July_2025,11475.86328125
Soroti,GRU,May_2025,11834.6572265625
Soroti,GRU,June_2025,10662.4541015625
Soroti,GRU,July_2025,10583.4580078125
Soroti,Transformer,May_2025,12429.6728515625
Soroti,Transformer,June_2025,12369.9970703125
Soroti,Transformer,July_2025,12008.7275390625
Soroti,XGBoost,May_2025,13283.3359375
Soroti,XGBoost,June_2025,13267.7763671875
Soroti,XGBoost,July_2025,13196.5517578125
Tororo,Dense,May_2025,6143.95703125
Tororo,Dense,June_2025,6263.951171875
Tororo,Dense,July_2025,2879.2763671875
Tororo,LSTM,May_2025,9687.30859375
Tororo,LSTM,June_2025,7249.0244140625
Tororo,LSTM,July_2025,7288.119140625
Tororo,GRU,May_2025,11167.322265625
Tororo,GRU,June_2025,5312.396484375
Tororo,GRU,July_2025,5453.8583984375
Tororo,Transformer,May_2025,11032.689453125
Tororo,Transformer,June_2025,10563.8818359375
Tororo,Transformer,July_2025,12504.6474609375
Tororo,XGBoost,May_2025,15405.1787109375
Tororo,XGBoost,June_2025,15317.3056640625
Tororo,XGBoost,July_2025,15520.630859375
Wakiso,Dense,May_2025,15800.9609375
Wakiso,Dense,June_2025,16332.947265625
Wakiso,Dense,July_2025,15127.55859375
Wakiso,LSTM,May_2025,15801.1240234375
Wakiso,LSTM,June_2025,15767.8623046875
Wakiso,LSTM,July_2025,14932.2734375
Wakiso,GRU,May_2025,15257.703125
Wakiso,GRU,June_2025,14508.712890625
Wakiso,GRU,July_2025,14087.7509765625
Wakiso,Transformer,May_2025,15958.083984375
Wakiso,Transformer,June_2025,15840.2021484375
Wakiso,Transformer,July_2025,15423.28125
Wakiso,XGBoost,May_2025,16661.515625
Wakiso,XGBoost,June_2025,16728.177734375
Wakiso,XGBoost,July_2025,16676.3828125
Yumbe,Dense,May_2025,30005.17578125
Yumbe,Dense,June_2025,24119.181640625
Yumbe,Dense,July_2025,23235.966796875
Yumbe,LSTM,May_2025,27495.1015625
Yumbe,LSTM,June_2025,27692.19921875
Yumbe,LSTM,July_2025,25155.1171875
Yumbe,GRU,May_2025,23978.140625
Yumbe,GRU,June_2025,23034.681640625
Yumbe,GRU,July_2025,24383.744140625
Yumbe,Transformer,May_2025,30018.2578125
Yumbe,Transformer,June_2025,27794.86328125
Yumbe,Transformer,July_2025,27110.89453125
Yumbe,XGBoost,May_2025,32015.34375
Yumbe,XGBoost,June_2025,31853.150390625
Yumbe,XGBoost,July_2025,31593.69921875
Zombo,Dense,May_2025,6645.02099609375
Zombo,Dense,June_2025,3502.4404296875
Zombo,Dense,July_2025,2822.07275390625
Zombo,LSTM,May_2025,6308.56591796875
Zombo,LSTM,June_2025,5062.5205078125
Zombo,LSTM,July_2025,5121.033203125
Zombo,GRU,May_2025,4817.740234375
Zombo,GRU,June_2025,4042.853271484375
Zombo,GRU,July_2025,3769.020263671875
Zombo,Transformer,May_2025,5945.408203125
Zombo,Transformer,June_2025,5824.06689453125
Zombo,Transformer,July_2025,5588.7685546875
Zombo,XGBoost,May_2025,7579.98681640625
Zombo,XGBoost,June_2025,7519.7119140625
Zombo,XGBoost,July_2025,7423.29345703125
